Region; Utility; Data source; Tested 2026-09-29; Notes;
Central Switzerland (Zentralschweiz – LU, OW, NW, UR, SZ parts); CKW (Centralschweizerische Kraftwerke AG); https://e-ckw-public-data.de-c1.eu1.cloudhub.io/api/v1/netzinformationen/energie/dynamische-preise ; pass; Tariff home_dynamic; tomorrow from ~11:20; hourly prices; rate limit 4 per ~1000 s;
Canton Zurich (Kanton Zürich); EKZ (Elektrizitätswerke des Kantons Zürich); https://api.tariffs.ekz.ch/v1/tariffs ; pass; Needs tariff_name=integrated_400D (without it a flat standard tariff); tomorrow from ~17:50; 15-min prices; CHF_m monthly fee listed before the CHF_kWh price;
Western Switzerland (Fribourg / Neuchâtel / Bern parts); Groupe E (Groupe E SA); https://api.tariffs.groupe-e.ch/v2/tariffs ; pass; Tariff Vario, no tariff_name needed; tomorrow from ~14:50; 15-min prices;
Bern and surroundings (Kanton Bern); BKW (BKW Energie AG) – feed-in remuneration only; https://api.bkw.ch/api/dyntariffs/v1/tariffs ; fail; Only feed_in (price BKW pays for solar fed into the grid), no consumption price;
Northwestern Switzerland (Basel-Landschaft / Solothurn); Primeo Energie (EBM Genossenschaft); https://tarife.primeo-energie.ch/api/v1/tariffs ; pass; Tariff NetzDynamisch; tomorrow from ~17:30; hourly; only the grid part varies. Names from /api/v1/tariffs/names;
Switzerland – multiple regions (via Swisspower platform); AEW Energie AG (Aargau); https://esit.code-fabrik.ch/api/v1 ; fail; Root URL is 404. Per-utility prices need /metering_code with the customer's metering point number and a token issued to HEMS vendors. Token-free /tariff_name only has generic D0-D3 and answered 504 after 60 s on every try;
Switzerland – multiple regions (via Swisspower platform); IWB (Industrielle Werke Basel – Basel-Stadt); https://esit.code-fabrik.ch/api/v1 ; fail; Root URL is 404. Per-utility prices need /metering_code with the customer's metering point number and a token issued to HEMS vendors. Token-free /tariff_name only has generic D0-D3 and answered 504 after 60 s on every try;
Switzerland – multiple regions (via Swisspower platform); Energie Thun AG (Bern); https://esit.code-fabrik.ch/api/v1 ; fail; Root URL is 404. Per-utility prices need /metering_code with the customer's metering point number and a token issued to HEMS vendors. Token-free /tariff_name only has generic D0-D3 and answered 504 after 60 s on every try;
Switzerland – multiple regions (via Swisspower platform); EWL Energie Wasser Luzern (Luzern); https://esit.code-fabrik.ch/api/v1 ; fail; Root URL is 404. Per-utility prices need /metering_code with the customer's metering point number and a token issued to HEMS vendors. Token-free /tariff_name only has generic D0-D3 and answered 504 after 60 s on every try;
Switzerland – multiple regions (via Swisspower platform); Stadtwerk Winterthur (Zürich); https://esit.code-fabrik.ch/api/v1 ; fail; Root URL is 404. Per-utility prices need /metering_code with the customer's metering point number and a token issued to HEMS vendors. Token-free /tariff_name only has generic D0-D3 and answered 504 after 60 s on every try;
Switzerland – multiple regions (via Swisspower platform); RegioEnergie Solothurn (Solothurn); https://esit.code-fabrik.ch/api/v1 ; fail; Root URL is 404. Per-utility prices need /metering_code with the customer's metering point number and a token issued to HEMS vendors. Token-free /tariff_name only has generic D0-D3 and answered 504 after 60 s on every try;
Switzerland – multiple regions (via Swisspower platform); ESB (Energie Schwyz AG); https://esit.code-fabrik.ch/api/v1 ; fail; Root URL is 404. Per-utility prices need /metering_code with the customer's metering point number and a token issued to HEMS vendors. Token-free /tariff_name only has generic D0-D3 and answered 504 after 60 s on every try;
Switzerland – multiple regions (via Swisspower platform); ENBAG (Baar Zug); https://esit.code-fabrik.ch/api/v1 ; fail; Root URL is 404. Per-utility prices need /metering_code with the customer's metering point number and a token issued to HEMS vendors. Token-free /tariff_name only has generic D0-D3 and answered 504 after 60 s on every try;
Switzerland – multiple regions (via Swisspower platform); IBB Brugg (Aargau); https://esit.code-fabrik.ch/api/v1 ; fail; Root URL is 404. Per-utility prices need /metering_code with the customer's metering point number and a token issued to HEMS vendors. Token-free /tariff_name only has generic D0-D3 and answered 504 after 60 s on every try;
Switzerland – multiple regions (via Swisspower platform); EW Höfe AG (Freienbach / Schwyz); https://esit.code-fabrik.ch/api/v1 ; fail; Root URL is 404. Per-utility prices need /metering_code with the customer's metering point number and a token issued to HEMS vendors. Token-free /tariff_name only has generic D0-D3 and answered 504 after 60 s on every try;
Switzerland – multiple regions (via Swisspower platform); Elektra Aettenschwil (Aargau); https://esit.code-fabrik.ch/api/v1 ; fail; Root URL is 404. Per-utility prices need /metering_code with the customer's metering point number and a token issued to HEMS vendors. Token-free /tariff_name only has generic D0-D3 and answered 504 after 60 s on every try;
Western Switzerland – Lausanne (Vaud); SiL (Services Industriels de Lausanne); https://esit.code-fabrik.ch/api/v1 ; fail; Root URL is 404. Per-utility prices need /metering_code with the customer's metering point number and a token issued to HEMS vendors. Token-free /tariff_name only has generic D0-D3 and answered 504 after 60 s on every try;
Switzerland (EPEX CH bidding zone) – spot market; Fraunhofer ISE – Energy-Charts (EPEX Spot proxy); https://api.energy-charts.info/price?bzn=CH ; fail; Works without key, but wholesale spot price (EUR/MWh, hourly), not a household tariff;
Europe (CH domain included) – day-ahead market; ENTSO-E Transparency Platform; https://web-api.tp.entsoe.eu/api ; fail; Needs a security token (401); wholesale day-ahead price, not a household tariff;
Switzerland – all ~600 utilities (static annual tariffs); ElCom (Eidgenössische Elektrizitätskommission) – SPARQL / LINDAS; https://ld.admin.ch/query ; fail; Static annual tariffs only, no dynamic prices;
Switzerland – all utilities (tariff comparison); ElCom – Strompreis website / GraphQL; https://www.strompreis.elcom.admin.ch ; fail; Static annual tariffs only (tariff comparison website), no dynamic prices;
Switzerland – aggregator (requires API key); strompreise-schweiz.ch; https://www.strompreise-schweiz.ch/api/v1/tariffs ; fail; Needs an API key (401 "Missing API key");
Canton Schwyz (Einsiedeln); EKZ Einsiedeln AG (not in original list); https://api.tariffs.ekz.ch/v1/tariffs ; pass; Tariff integrated_400D_E; same API and behaviour as EKZ;
Olten area (Solothurn); AVAG Aare Versorgungs AG, grid operated by Primeo (not in original list); https://tarife.primeo-energie.ch/api/v1/tariffs ; pass; Tariff NetzDynamischAVAG; same API as Primeo;
Gretzenbach (Solothurn); ELAG Elektra Gretzenbach AG, grid operated by Primeo (not in original list); https://tarife.primeo-energie.ch/api/v1/tariffs ; pass; Tariff NetzDynamischELAG; same API as Primeo;
